{"error": 658.8126044474658, "predictions": [250.99894380800862, 257.20058900593835, 256.92134299640367, 261.3510753966387, 268.2075906117144, 268.2364793585849, 279.18567458091, 279.5516157207662, 278.3767665567665, 267.9668430295403, 271.1254503446738, 276.0944842927079, 272.3580770024147, 255.48648162870424, 256.4590970457358, 246.0876873537156, 249.70853965652657, 249.73742840339713, 250.1803962506748, 251.23006630184736, 250.8833897835167, 248.36034452943883, 246.7040002010909, 244.8069082905689, 243.64169769676903, 246.02990985997448, 257.4220873744321, 255.23609547633026, 261.3221866497681, 260.7925535248691]}